{
  "logistic_regression": {
    "accuracy": 0.8069552874378992,
    "precision": 0.6583850931677019,
    "recall": 0.5668449197860963,
    "f1": 0.6091954022988506,
    "roc_auc": 0.841778397788628,
    "classification_report": {
      "0": {
        "precision": 0.8509659613615456,
        "recall": 0.893719806763285,
        "f1-score": 0.8718190386427899,
        "support": 1035.0
      },
      "1": {
        "precision": 0.6583850931677019,
        "recall": 0.5668449197860963,
        "f1-score": 0.6091954022988506,
        "support": 374.0
      },
      "accuracy": 0.8069552874378992,
      "macro avg": {
        "precision": 0.7546755272646237,
        "recall": 0.7302823632746906,
        "f1-score": 0.7405072204708203,
        "support": 1409.0
      },
      "weighted avg": {
        "precision": 0.7998479736365651,
        "recall": 0.8069552874378992,
        "f1-score": 0.8021091451064993,
        "support": 1409.0
      }
    }
  },
  "random_forest": {
    "accuracy": 0.7927608232789212,
    "precision": 0.6366666666666667,
    "recall": 0.5106951871657754,
    "f1": 0.5667655786350149,
    "roc_auc": 0.8264408793820558,
    "classification_report": {
      "0": {
        "precision": 0.8349864743011722,
        "recall": 0.8946859903381642,
        "f1-score": 0.8638059701492538,
        "support": 1035.0
      },
      "1": {
        "precision": 0.6366666666666667,
        "recall": 0.5106951871657754,
        "f1-score": 0.5667655786350149,
        "support": 374.0
      },
      "accuracy": 0.7927608232789212,
      "macro avg": {
        "precision": 0.7358265704839195,
        "recall": 0.7026905887519699,
        "f1-score": 0.7152857743921344,
        "support": 1409.0
      },
      "weighted avg": {
        "precision": 0.7823451626934326,
        "recall": 0.7927608232789212,
        "f1-score": 0.7849606142753536,
        "support": 1409.0
      }
    }
  }
}